{
  "optimal_parameters": [
    0.0970165076463913,
    -0.01800167387405874,
    -1.571144987443614,
    1.5063301038812744,
    -0.016565655424382424,
    -0.03402367266186624,
    -0.6897199476048446,
    -0.003321366940986187,
    -1.250059102113451,
    -0.004296685990139243,
    -0.43327258393193624,
    -0.40693324039200923,
    -0.0870283429222169,
    0.15804306658148706,
    -0.017440832862935712,
    -0.04791959324585919,
    -0.022316326773626802,
    -0.026169228387265046,
    -0.009764921332340502,
    -0.11880905013554088,
    -0.007746900114682302,
    0.018956777460899268,
    -0.010331010855886544,
    -0.10398439930018576,
    -0.009994039364970432,
    0.008830715639870724,
    0.12301545855689201,
    -1.5123056717965422,
    0.670897449846315,
    0.015821723780045344,
    -0.16780740256670348,
    1.5750784931937203,
    -0.045212357955483715,
    -0.07703831195659247,
    -0.002266268054925113,
    -1.5130517993245272,
    -0.03226022797494894,
    -0.04658369786434089,
    -0.543425922696734
  ],
  "energy_history": [
    -15.35078845617321,
    -15.352118207746313,
    -15.353538117061978,
    -15.35505343085331,
    -15.3566695580992,
    -15.358392052297603,
    -15.360226589532626,
    -15.362178941959066,
    -15.364254946337677,
    -15.366460467323677,
    -15.368801355242253,
    -15.371283398192606,
    -15.37391226839657,
    -15.376693462861352,
    -15.37963223858755,
    -15.382733542692149,
    -15.386001938084435,
    -15.389441525503527,
    -15.393055862977484,
    -15.396847884036795,
    -15.4008198162228,
    -15.404973101671603,
    -15.409308321751771,
    -15.413825127877672,
    -15.418522180712744,
    -15.423397099991751,
    -15.428446427123426,
    -15.433665602523522,
    -15.439048959421065,
    -15.444589735396288,
    -15.450280102542635,
    -15.456111216520048,
    -15.462073284144541,
    -15.468155648600334,
    -15.474346890592868,
    -15.480634943321974,
    -15.48700721847693,
    -15.49345074018687,
    -15.49995228346993,
    -15.506498513696855,
    -15.513076123522143,
    -15.519671964049008,
    -15.526273167203117,
    -15.53286725685529,
    -15.539442246703427,
    -15.545986723592021,
    -15.55248991545845,
    -15.558941743812285,
    -15.56533286116377,
    -15.571654674209574,
    -15.577899354111898,
    -15.58405983536096,
    -15.590129805000458,
    -15.596103683945714,
    -15.601976602224813,
    -15.607744369826534,
    -15.613403444681785,
    -15.618950899148869,
    -15.624384386140257,
    -15.629702105750386,
    -15.634902773122395,
    -15.639985587994934,
    -15.644950206218759,
    -15.649796713350351,
    -15.654525600374464,
    -15.659137741401116,
    -15.663634373224143,
    -15.668017076466738,
    -15.672287758197955,
    -15.676448635704523,
    -15.680502221288304,
    -15.684451307851445,
    -15.688298955207246,
    -15.692048476907472,
    -15.695703427608736,
    -15.699267590879868,
    -15.702744967436177,
    -15.706139763836642,
    -15.709456381636112,
    -15.712699407029753,
    -15.715873601043205,
    -15.718983890259462,
    -15.722035358164872,
    -15.725033237082657,
    -15.727982900700896,
    -15.730889857236459,
    -15.733759743105272,
    -15.73659831715859,
    -15.739411455347431,
    -15.74220514573807,
    -15.744985483812112,
    -15.747758667897841,
    -15.750530994623846,
    -15.753308854227758,
    -15.75609872558702,
    -15.758907170804399,
    -15.761740829173934,
    -15.764606410355869,
    -15.767510686612031,
    -15.770460483922038,
    -15.773462671835834,
    -15.776524151915261,
    -15.779651844653333,
    -15.782852674763756,
    -15.786133554755345,
    -15.789501366740293,
    -15.792962942463825,
    -15.79652504153642,
    -15.80019432792636,
    -15.803977344738014,
    -15.807880487378023,
    -15.811909975193977,
    -15.81607182169147,
    -15.820371803446363,
    -15.824815427794976,
    -15.829407899447547,
    -15.834154086036513,
    -15.83905848273493,
    -15.844125175938954,
    -15.849357806064523,
    -15.85475952947998,
    -15.860332979609076,
    -15.866080227232674,
    -15.872002740107947,
    -15.878101342016908,
    -15.884376171509055,
    -15.890826640622358,
    -15.897451394057587,
    -15.904248269360785,
    -15.911214258802769,
    -15.918345473825307,
    -15.925637112972368,
    -15.9330834344048,
    -15.940677734164703,
    -15.94841233141501,
    -15.956278561941588,
    -15.964266781202966,
    -15.97236637816413,
    -15.98056580109489,
    -15.988852596362271,
    -15.9972134610836,
    -16.005634310227173,
    -16.01410035845304,
    -16.022596216616186,
    -16.03110600239916,
    -16.039613464093783,
    -16.048102116015173,
    -16.056555383537084,
    -16.064956755278708,
    -16.07328993949986,
    -16.081539021473148,
    -16.089688618347544,
    -16.097724027958847,
    -16.105631368101523,
    -16.113397702993712,
    -16.121011154050354,
    -16.128460992574656,
    -16.13573771255122,
    -16.142833082426925,
    -16.149740175404077,
    -16.156453378508772,
    -16.162968381267092,
    -16.16928214545537,
    -16.17539285778397,
    -16.18129986777373,
    -16.187003613319604,
    -16.19250553650616,
    -16.197807992326386,
    -16.202914152790353,
    -16.207827908819098,
    -16.212553772045055,
    -16.21709677839572,
    -16.221462395051105,
    -16.225656432063097,
    -16.22968495962538,
    -16.233554231725392,
    -16.237270616628923,
    -16.24084053444418,
    -16.2442704018336,
    -16.247566583724108,
    -16.250735351790738,
    -16.253782849380972,
    -16.256715062446034,
    -16.25953779597266,
    -16.262256655412152,
    -16.264877032524222,
    -16.267404094795854,
    -16.269842777474786,
    -16.272197776030396,
    -16.274473534702423,
    -16.2766742192908,
    -16.278803647660204,
    -16.280865195844317,
    -16.282862331178773,
    -16.28479993868417,
    -16.286681410910678,
    -16.288506933166254,
    -16.290271340181487,
    -16.291983882053422,
    -16.29365014022758
  ],
  "final_energy": -16.29527230788201,
  "exact_ground_energy": -16.3684743,
  "absolute_error": 0.0732019921179905,
  "relative_error": 0.44721328803375715,
  "n_iterations": 200,
  "converged": false,
  "runtime": 22.190994262695312,