{
  "optimal_parameters": [
    -1.5714786503405473,
    -0.3251165172849226,
    1.3409947861228033,
    1.0960144674426504,
    -0.6858842912895854,
    -0.18471061332607858,
    0.6687168935644835,
    0.3033950221437593,
    -0.7916394628902717,
    0.077118863129694,
    0.2925133261766547,
    -0.8621652117028669,
    0.0600160535104254,
    -1.0058305333023374,
    0.05616803324331588
  ],
  "energy_history": [
    -0.6788352932541444,
    -0.6815457236522942,
    -0.6846460333474376,
    -0.6882932417665086,
    -0.692625910206612,
    -0.6977277670896975,
    -0.7035891608420409,
    -0.7101262870702606,
    -0.7172529515636872,
    -0.7249420096288502,
    -0.7332344908767408,
    -0.7422126248920323,
    -0.7519705855522867,
    -0.7625978034342903,
    -0.7741727646063418,
    -0.7867614077160134,
    -0.8004163546062566,
    -0.8151755430162834,
    -0.8310600602520483,
    -0.8480714408917606,
    -0.8661888227324812,
    -0.8853663766798515,
    -0.9055314143079373,
    -0.9265835426343415,
    -0.9483951708791158,
    -0.9708135704793129,
    -0.9936645478053726,
    -1.016757620308275,
    -1.0398924127360076,
    -1.062865837943401,
    -1.0854795235916148,
    -1.1075469112042469,
    -1.1288994944426547,
    -1.149391771226059,
    -1.1689046390423232,
    -1.1873471367489774,
    -1.2046566011817852,
    -1.2207974403201733,
    -1.2357588132523873,
    -1.2495515474791516,
    -1.262204621358419,
    -1.2737615042850945,
    -1.2842765920571786,
    -1.2938119116350255,
    -1.302434207546887,
    -1.3102124677934017,
    -1.3172159035294988,
    -1.3235123649339027,
    -1.3291671547221444,
    -1.334242189011931,
    -1.3387954506524828,
    -1.3428806806283604,
    -1.346547256971166,
    -1.3498402163213448,
    -1.3528003798057386,
    -1.3554645515003982,
    -1.35786576395332,
    -1.3600335507901424,
    -1.3619942311943687,
    -1.3637711950344562,
    -1.3653851806383388,
    -1.3668545397796124,
    -1.3681954864225423,
    -1.3694223272808843,
    -1.3705476733566604,
    -1.3715826324254876,
    -1.3725369829927636,
    -1.3734193306124385,
    -1.3742372476879285,
    -1.3749973979978578,
    -1.3757056472367153,
    -1.3763671608548118,
    -1.3769864904409792,
    -1.3775676498250657,
    -1.3781141820002347,
    -1.3786292178783777,
    -1.3791155278039418,
    -1.3795755666648644,
    -1.3800115133559083,
    -1.380425305270914,
    -1.3808186684272705,
    -1.3811931437590383,
    -1.3815501100535317,
    -1.3818908039513866,
    -1.3822163373798442,
    -1.3825277127447144,
    -1.3828258361674306,
    -1.383111529017119,
    -1.3833855379578464,
    -1.3836485437026014,
    -1.3839011686421445,
    -1.3841439834949103,
    -1.384377513106028,
    -1.3846022415062904,
    -1.384818616328575,
    -1.385027052665729,
    -1.3852279364433702,
    -1.3854216273715532,
    -1.3856084615305413,
    -1.3857887536390356
  ],
  "final_energy": -1.3859627990463734,
  "exact_ground_energy": -1.394,
  "absolute_error": 0.008037200953626478,
  "relative_error": 0.5765567398584274,
  "n_iterations": 100,
  "converged": false,
  "runtime": 1.3282582759857178,
  "convergence_data": {
    "lr_history": [
      0.08,
      0.08,
      0.08,
      0.08,
      0.08,
      0.08,
      0.08,
      0.08,
      0.08,
      0.08,
      0.08,
      0.08,
      0.08,
      0.08,
      0.08,
      0.08,
      0.08,
      0.08,
      0.08,
      0.08,
      0.08,
      0.08,
      0.08,
      0.08,
      0.08,
      0.08,
      0.08,
      0.08,
      0.08,
      0.08,
      0.08,
      0.08,
      0.08,
      0.08,
      0.08,
      0.08,
      0.08,
      0.08,
      0.08,
      0.08,
      0.08,
      0.08,
      0.08,
      0.08,
      0.08,
      0.08,
      0.08,
      0.08,
      0.08,
      0.08,
      0.08,
      0.08,
      0.08,
      0.08,
      0.08,
      0.08,
      0.08,
      0.08,
      0.08,
      0.08,
      0.08,
      0.08,
      0.08,
      0.08,
      0.08,
      0.08,
      0.08,
      0.08,
      0.08,
      0.08,
      0.08,
      0.08,
      0.08,
      0.08,
      0.08,
      0.08,
      0.08,
      0.08,
      0.08,
      0.08,
      0.08,
      0.08,
      0.08,
      0.08,
      0.08,
      0.08,
      0.08,
      0.08,
      0.08,
      0.08,
      0.08,
      0.08,
      0.08,
      0.08,
      0.08,
      0.08,
      0.08,
      0.08,
      0.08,
      0.08
    ],
    "gradient_norms": [
      0.177478683020425,
      0.184779343356279,
      0.1920430757839491,
      0.19946981950734477,
      0.2071274069870339,
      0.21548065675272382,
      0.22536250828556187,
      0.23750662062361527,
      0.2520266930719667,
      0.268426069552351,
      0.28601506321747805,
      0.30423459800653274,
      0.3227262964268031,
      0.3412736112834239,
      0.3597296828017035,
      0.37796872736921094,
      0.3958597037829255,
      0.4132540669532837,
      0.42998164017860285,
      0.44585134374250673,
      0.46065514513830735,
      0.4741743782470913,
      0.4861878778555303,
      0.49648142175523857,
      0.5048578972215793,
      0.5111474976539108,
      0.5152171688690966,
      0.5169785094033386,
      0.5163934101224678,
      0.5134769008793961,
      0.5082969363856701,
      0.5009711617793915,
      0.4916610008534693,
      0.48056365907172127,
      0.4679027924621755,
      0.45391864636525026,
      0.4388584189730562,
      0.42296747582368704,
      0.4064818644864981,
      0.38962238676298383,
      0.3725903076550889,
      0.3555646345625724,
      0.3387007963396036,
      0.3221304907111125,
      0.3059624444068762,
      0.2902838349379806,
      0.27516214706489417,
      0.26064727179133296,
      0.24677369441078933,
      0.23356265653599995,
      0.22102421099767183,
      0.20915911761378098,
      0.19796055089764575,
      0.18741560826957246,
      0.17750662008095872,
      0.1682122712475649,
      0.1595085495879668,
      0.15136953868023642,
      0.14376807419302218,
      0.13667628218031,
      0.1300660169450705,
      0.12390921415485985,
      0.11817817347518642,
      0.11284578271086503,
      0.10788569369054476,
      0.10327245855638245,
      0.09898163327236932,
      0.09498985405925604,
      0.09127489120901501,
      0.08781568386688285,
      0.08459235861445207,
      0.08158623422316331,
      0.07877981435736053,
      0.07615677002966519,
      0.07370191318226585,
      0.07140116274875159,
      0.06924150442830483,
      0.06721094543227123,
      0.06529846528550157,
      0.06349396373424199,
      0.06178820686068216,
      0.060172772183026156,
      0.05863999367158555,
      0.05718290734060776,
      0.055795198003905505,
      0.05447114782832645,
      0.05320558685528581,
      0.05199384603328821,
      0.050831712776196275,
      0.04971538934008942,
      0.04864145394319184,
      0.04760682477080902,
      0.04660872667884635,
      0.04564466065699161,
      0.044712375870049184,
      0.043809844150452276,
      0.042935236836779515,
      0.04208690376535637,
      0.04126335432794975,
      0.04046324034045269
    ],