{
  "optimal_parameters": [
    -0.8950304371994752,
    2.867952881775957,
    1.363479301257841,
    0.6936564670220289
  ],
  "energy_history": [
    -1.2092156413855983,
    -1.20929259535042,
    -1.2093694943713178,
    -1.20944633978585,
    -1.2095231329216156,
    -1.2095998750963246,
    -1.209676567617867,
    -1.2097532117843839,
    -1.2098298088843356,
    -1.2099063601965703,
    -1.2099828669903896,
    -1.2100593305256213,
    -1.210135752052684,
    -1.2102121328126523,
    -1.2102884740373239,
    -1.210364776949286,
    -1.210441042761981,
    -1.2105172726797693,
    -1.2105934678979946,
    -1.2106696296030488,
    -1.2107457589724322,
    -1.210821857174821,
    -1.2108979253701253,
    -1.2109739647095545,
    -1.211049976335676,
    -1.2111259613824785,
    -1.211201920975432,
    -1.2112778562315467,
    -1.2113537682594355,
    -1.2114296581593715,
    -1.211505527023346,
    -1.2115813759351277,
    -1.211657205970325,
    -1.2117330181964356,
    -1.2118088136729088,
    -1.2118845934512021,
    -1.2119603585748375,
    -1.2120361100794548,
    -1.2121118489928706,
    -1.2121875763351306,
    -1.212263293118566,
    -1.2123390003478494,
    -1.2124146990200417,
    -1.2124903901246553,
    -1.2125660746437,
    -1.212641753551739,
    -1.2127174278159383,
    -1.2127930983961228,
    -1.212868766244824,
    -1.212944432307334,
    -1.213020097521754,
    -1.213095762819044,
    -1.2131714291230782,
    -1.2132470973506857,
    -1.2133227684117098,
    -1.2133984432090477,
    -1.2134741226387047,
    -1.213549807589839,
    -1.213625498944815,
    -1.2137011975792413,
    -1.2137769043620272,
    -1.2138526201554236,
    -1.213928345815071,
    -1.214004082190045,
    -1.2140798301229037,
    -1.2141555904497292,
    -1.2142313640001772,
    -1.2143071515975161,
    -1.214382954058678,
    -1.2144587721942957,
    -1.2145346068087501,
    -1.214610458700212,
    -1.214686328660687,
    -1.214762217476056,
    -1.2148381259261167,
    -1.2149140547846273,
    -1.2149900048193483,
    -1.21506597679208,
    -1.215141971458709,
    -1.2152179895692445,
    -1.2152940318678602,
    -1.2153700990929341,
    -1.2154461919770878,
    -1.2155223112472249,
    -1.2155984576245733,
    -1.2156746318247194,
    -1.2157508345576498,
    -1.2158270665277886,
    -1.2159033284340337,
    -1.2159796209697966,
    -1.2160559448230386,
    -1.216132300676305,
    -1.2162086892067672,
    -1.2162851110862563,
    -1.2163615669812955,
    -1.2164380575531415,
    -1.216514583457818,
    -1.216591145346149,
    -1.2166677438637958,
    -1.216744379651292,
    -1.2168210533440744,
    -1.216897765572522,
    -1.2169745169619854,
    -1.2170513081328236,
    -1.2171281397004337,
    -1.217205012275289,
    -1.2172819264629655,
    -1.2173588828641786,
    -1.2174358820748152,
    -1.217512924685964,
    -1.2175900112839468,
    -1.217667142450352,
    -1.2177443187620642,
    -1.217821540791296,
    -1.217898809105617,
    -1.2179761242679867,
    -1.2180534868367823,
    -1.2181308973658305,
    -1.2182083564044355,
    -1.2182858644974097,
    -1.2183634221851023,
    -1.2184410300034287,
    -1.2185186884838979,
    -1.2185963981536434,
    -1.218674159535448,
    -1.2187519731477756,
    -1.2188298395047974,
    -1.218907759116417,
    -1.2189857324883016,
    -1.2190637601219074,
    -1.2191418425145066,
    -1.2192199801592134,
    -1.2192981735450112,
    -1.2193764231567783,
    -1.2194547294753155,
    -1.2195330929773696,
    -1.2196115141356598,
    -1.2196899934189038,
    -1.2197685312918425,
    -1.219847128215264,
    -1.2199257846460314,
    -1.2200045010371026,
    -1.2200832778375574,
    -1.2201621154926234,
    -1.2202410144436957,
    -1.2203199751283647,
    -1.2203989979804355,
    -1.2204780834299558,
    -1.2205572319032352,
    -1.2206364438228712,
    -1.220715719607768,
    -1.220795059673163,
    -1.220874464430648,
    -1.22095393428819,
    -1.2210334696501555,
    -1.221113070917329,
    -1.2211927384869383,
    -1.2212724727526743,
    -1.2213522741047105,
    -1.2214321429297286,
    -1.221512079610934,
    -1.2215920845280812,
    -1.2216721580574905,
    -1.2217523005720718,
    -1.221832512441343,
    -1.2219127940314487,
    -1.2219931457051838,
    -1.2220735678220092,
    -1.2221540607380752,
    -1.2222346248062368,
    -1.222315260376075,
    -1.2223959677939187,
    -1.2224767474028568,
    -1.2225575995427627,
    -1.222638524550311,
    -1.2227195227589949,
    -1.2228005944991465,
    -1.2228817400979546,
    -1.2229629598794776,
    -1.223044254164671,
    -1.2231256232713956,
    -1.2232070675144406,
    -1.2232885872055381,
    -1.2233701826533823,
    -1.2234518541636468,
    -1.2235336020389969,
    -1.2236154265791128,
    -1.2236973280807015,
    -1.2237793068375167,
    -1.2238613631403705,
    -1.2239434972771555,
    -1.224025709532855,
    -1.224108000189565,
    -1.2241903695265024,
    -1.2242728178200275,
    -1.2243553453436569,
    -1.2244379523680782,
    -1.224520639161165,
    -1.2246034059879933,
    -1.2246862531108578
  ],
  "final_energy": -1.2247691807892818,
  "exact_ground_energy": -1.394,
  "absolute_error": 0.16923081921071814,
  "relative_error": 12.139943989291115,
  "n_iterations": 200,
  "converged": false,
  "runtime": 130.24276399612427,
  "convergence_data": {
    "lr_history": [
      0.03,
      0.03,
      0.03,
      0.03,
      0.03,
      0.03,
      0.03,
      0.03,
      0.03,
      0.03,
      0.03,
      0.03,
      0.03,
      0.03,
      0.03,
      0.03,
      0.03,
      0.03,
      0.03,
      0.03,
      0.03,
      0.03,
      0.03,
      0.03,
      0.03,
      0.03,
      0.03,
      0.03,
      0.03,
      0.03,
      0.03,
      0.03,
      0.03,
      0.03,
      0.03,
      0.03,
      0.03,
      0.03,
      0.03,
      0.03,
      0.03,
      0.03,
      0.03,
      0.03,
      0.03,
      0.03,
      0.03,
      0.03,
      0.03,
      0.03,
      0.03,
      0.03,
      0.03,
      0.03,
      0.03,
      0.03,
      0.03,
      0.03,
      0.03,
      0.03,
      0.03,
      0.03,
      0.03,
      0.03,
      0.03,
      0.03,
      0.03,
      0.03,
      0.03,
      0.03,
      0.03,
      0.03,
      0.03,
      0.03,
      0.03,
      0.03,
      0.03,
      0.03,
      0.03,
      0.03,
      0.03,
      0.03,
      0.03,
      0.03,
      0.03,
      0.03,
      0.03,
      0.03,
      0.03,
      0.03,
      0.03,
      0.03,
      0.03,
      0.03,
      0.03,
      0.03,
      0.03,
      0.03,
      0.03,
      0.03,
      0.03,
      0.03,
      0.03,
      0.03,
      0.03,
      0.03,
      0.03,
      0.03,
      0.03,
      0.03,
      0.03,
      0.03,
      0.03,
      0.03,
      0.03,
      0.03,
      0.03,
      0.03,
      0.03,
      0.03,
      0.03,
      0.03,
      0.03,
      0.03,
      0.03,
      0.03,
      0.03,
      0.03,
      0.03,
      0.03,
      0.03,
      0.03,
      0.03,
      0.03,
      0.03,
      0.03,
      0.03,
      0.03,
      0.03,
      0.03,
      0.03,
      0.03,
      0.03,
      0.03,
      0.03,
      0.03,
      0.03,
      0.03,
      0.03,
      0.03,
      0.03,
      0.03,
      0.03,
      0.03,
      0.03,
      0.03,
      0.03,
      0.03,
      0.03,
      0.03,
      0.03,
      0.03,
      0.03,
      0.03,
      0.03,
      0.03,
      0.03,
      0.03,
      0.03,
      0.03,
      0.03,
      0.03,
      0.03,
      0.03,
      0.03,
      0.03,
      0.03,
      0.03,
      0.03,
      0.03,
      0.03,
      0.03,
      0.03,
      0.03,
      0.03,
      0.03,
      0.03,
      0.03,
      0.03,
      0.03,
      0.03,
      0.03,
      0.03,
      0.03,
      0.03,
      0.03,
      0.03,
      0.03,
      0.03,
      0.03
    ],